provider_id_source_1,provider_id_source_2,source_system_1,source_system_2,npi_1,npi_2,email_1,email_2,phone_1,phone_2,name_sim,addr_sim,city_sim,npi_match,email_match,phone_match,postal_match,state_match,match_score,decision,block_key,scored_at
CRM_A_P_PROV_00852_759,CRM_B_P_PROV_00852_378,CRM_A,CRM_B,3136844280.0,3136844280.0,smagar@example.net,smagar@example.net,7470002687,7470002687,1.0,1.0,1.0,1,1,1,1,1,1.0,auto_match,EMAIL::smagar@example.net,2026-02-05T14:34:20
CRM_A_P_PROV_00824_777,CRM_A_P_PROV_00824_363,CRM_A,CRM_A,2973065509.0,2973065509.0,bhagatpeter@example.net,bhagatpeter@example.net,9482322041,9482322041,1.0,1.0,1.0,1,1,1,1,1,1.0,auto_match,EMAIL::bhagatpeter@example.net,2026-02-05T14:34:20
CRM_A_P_PROV_00825_492,CRM_B_P_PROV_00825_548,CRM_A,CRM_B,1298303177.0,1298303177.0,advaithdate@example.net,advaithdate@example.net,0203042322,0203042322,1.0,1.0,1.0,1,1,1,1,1,1.0,auto_match,EMAIL::advaithdate@example.net,2026-02-05T14:34:20
CRM_A_P_PROV_00825_492,CRM_A_P_PROV_00825_673,CRM_A,CRM_A,1298303177.0,1298303177.0,advaithdate@example.net,advaithdate@example.net,0203042322,0203042322,1.0,1.0,1.0,1,1,1,1,1,1.0,auto_match,EMAIL::advaithdate@example.net,2026-02-05T14:34:20
CRM_B_P_PROV_00825_548,CRM_A_P_PROV_00825_673,CRM_B,CRM_A,1298303177.0,1298303177.0,advaithdate@example.net,advaithdate@example.net,0203042322,0203042322,1.0,1.0,1.0,1,1,1,1,1,1.0,auto_match,EMAIL::advaithdate@example.net,2026-02-05T14:34:20
CRM_A_P_PROV_00829_454,CRM_B_P_PROV_00829_268,CRM_A,CRM_B,8887636081.0,8887636081.0,janaki04@example.net,janaki04@example.net,4407663493,4407663493,1.0,1.0,1.0,1,1,1,1,1,1.0,auto_match,EMAIL::janaki04@example.net,2026-02-05T14:34:20
CRM_A_P_PROV_02012_613,CRM_B_P_PROV_02012_493,CRM_A,CRM_B,9189856335.0,9189856335.0,jonathan04@example.com,jonathan04@example.com,0743906484,0743906484,1.0,1.0,1.0,1,1,1,1,1,1.0,auto_match,LNCC::sunder::bihar sharif::US,2026-02-05T14:34:20
CRM_A_P_PROV_00856_115,CRM_B_P_PROV_00856_909,CRM_A,CRM_B,4663863897.0,4663863897.0,baghyawati66@example.org,baghyawati66@example.org,5443441491,5443441491,1.0,1.0,1.0,1,1,1,1,1,1.0,auto_match,EMAIL::baghyawati66@example.org,2026-02-05T14:34:20
CRM_A_P_PROV_00858_872,CRM_B_P_PROV_00858_218,CRM_A,CRM_B,3045347041.0,3045347041.0,sehgalkai@example.org,sehgalkai@example.org,2170754853,2170754853,1.0,1.0,1.0,1,1,1,1,1,1.0,auto_match,EMAIL::sehgalkai@example.org,2026-02-05T14:34:20
CRM_A_P_PROV_00858_872,CRM_B_P_PROV_00858_775,CRM_A,CRM_B,3045347041.0,3045347041.0,sehgalkai@example.org,sehgalkai@example.org,2170754853,2170754853,1.0,1.0,1.0,1,1,1,1,1,1.0,auto_match,EMAIL::sehgalkai@example.org,2026-02-05T14:34:20
CRM_B_P_PROV_00858_218,CRM_B_P_PROV_00858_775,CRM_B,CRM_B,3045347041.0,3045347041.0,sehgalkai@example.org,sehgalkai@example.org,2170754853,2170754853,1.0,1.0,1.0,1,1,1,1,1,1.0,auto_match,EMAIL::sehgalkai@example.org,2026-02-05T14:34:20
CRM_A_P_PROV_00038_631,CRM_A_P_PROV_00038_376,CRM_A,CRM_A,4226113732.0,4226113732.0,deepaatwal@example.net,deepaatwal@example.net,1317127484,1317127484,1.0,1.0,1.0,1,1,1,1,1,1.0,auto_match,EMAIL::deepaatwal@example.net,2026-02-05T14:34:19
CRM_B_P_PROV_00038_630,CRM_A_P_PROV_00038_376,CRM_B,CRM_A,4226113732.0,4226113732.0,deepaatwal@example.net,deepaatwal@example.net,1317127484,1317127484,1.0,1.0,1.0,1,1,1,1,1,1.0,auto_match,EMAIL::deepaatwal@example.net,2026-02-05T14:34:19
CRM_A_P_PROV_00039_151,CRM_B_P_PROV_00039_394,CRM_A,CRM_B,8285786023.0,8285786023.0,majumdaroeshi@example.com,majumdaroeshi@example.com,4044997278,4044997278,1.0,1.0,1.0,1,1,1,1,1,1.0,auto_match,EMAIL::majumdaroeshi@example.com,2026-02-05T14:34:19
CRM_A_P_PROV_00015_338,CRM_B_P_PROV_00015_873,CRM_A,CRM_B,6317189421.0,6317189421.0,nicholasgoel@example.com,nicholasgoel@example.com,2563421607,2563421607,1.0,1.0,1.0,1,1,1,1,1,1.0,auto_match,EMAIL::nicholasgoel@example.com,2026-02-05T14:34:19
CRM_A_P_PROV_00016_409,CRM_B_P_PROV_00016_654,CRM_A,CRM_B,7146318035.0,7146318035.0,ekaraj45@example.net,ekaraj45@example.net,6850142940,6850142940,1.0,1.0,1.0,1,1,1,1,1,1.0,auto_match,EMAIL::ekaraj45@example.net,2026-02-05T14:34:19
CRM_A_P_PROV_00016_409,CRM_B_P_PROV_00016_835,CRM_A,CRM_B,7146318035.0,7146318035.0,ekaraj45@example.net,ekaraj45@example.net,6850142940,6850142940,1.0,1.0,1.0,1,1,1,1,1,1.0,auto_match,EMAIL::ekaraj45@example.net,2026-02-05T14:34:19
CRM_B_P_PROV_00016_654,CRM_B_P_PROV_00016_835,CRM_B,CRM_B,7146318035.0,7146318035.0,ekaraj45@example.net,ekaraj45@example.net,6850142940,6850142940,1.0,1.0,1.0,1,1,1,1,1,1.0,auto_match,EMAIL::ekaraj45@example.net,2026-02-05T14:34:19
CRM_A_P_PROV_00017_689,CRM_B_P_PROV_00017_315,CRM_A,CRM_B,7598297060.0,7598297060.0,sarinaarav@example.net,sarinaarav@example.net,3561595148,3561595148,1.0,1.0,1.0,1,1,1,1,1,1.0,auto_match,EMAIL::sarinaarav@example.net,2026-02-05T14:34:19
CRM_A_P_PROV_00020_567,CRM_B_P_PROV_00020_703,CRM_A,CRM_B,9851745355.0,9851745355.0,chhabrapavani@example.org,chhabrapavani@example.org,8708317278,8708317278,1.0,1.0,1.0,1,1,1,1,1,1.0,auto_match,EMAIL::chhabrapavani@example.org,2026-02-05T14:34:19
CRM_A_P_PROV_00022_123,CRM_B_P_PROV_00022_796,CRM_A,CRM_B,2119980130.0,2119980130.0,dsagar@example.org,dsagar@example.org,6909670546,6909670546,1.0,1.0,1.0,1,1,1,1,1,1.0,auto_match,EMAIL::dsagar@example.org,2026-02-05T14:34:19
CRM_A_P_PROV_00026_520,CRM_B_P_PROV_00026_128,CRM_A,CRM_B,8856990236.0,8856990236.0,mitrajai@example.net,mitrajai@example.net,5865185067,5865185067,1.0,1.0,1.0,1,1,1,1,1,1.0,auto_match,EMAIL::mitrajai@example.net,2026-02-05T14:34:19
CRM_B_P_PROV_02160_109,CRM_B_P_PROV_02160_728,CRM_B,CRM_B,6487757017.0,6487757017.0,ibhalla@example.org,ibhalla@example.org,6169047610,6169047610,1.0,1.0,1.0,1,1,1,1,1,1.0,auto_match,EMAIL::ibhalla@example.org,2026-02-05T14:34:21
CRM_A_P_PROV_02167_885,CRM_A_P_PROV_02167_774,CRM_A,CRM_A,1418101676.0,1418101676.0,yatinkoshy@example.com,yatinkoshy@example.com,9832407281,9832407281,1.0,1.0,1.0,1,1,1,1,1,1.0,auto_match,EMAIL::yatinkoshy@example.com,2026-02-05T14:34:21
CRM_A_P_PROV_02170_328,CRM_B_P_PROV_02170_136,CRM_A,CRM_B,9799696239.0,9799696239.0,karryan@example.net,karryan@example.net,6057529664,6057529664,1.0,1.0,1.0,1,1,1,1,1,1.0,auto_match,EMAIL::karryan@example.net,2026-02-05T14:34:21
CRM_A_P_PROV_00036_268,CRM_A_P_PROV_00036_213,CRM_A,CRM_A,8289454630.0,8289454630.0,pvenkataraman@example.com,pvenkataraman@example.com,2967175655,2967175655,1.0,1.0,1.0,1,1,1,1,1,1.0,auto_match,EMAIL::pvenkataraman@example.com,2026-02-05T14:34:19
CRM_A_P_PROV_00038_631,CRM_B_P_PROV_00038_630,CRM_A,CRM_B,4226113732.0,4226113732.0,deepaatwal@example.net,deepaatwal@example.net,1317127484,1317127484,1.0,1.0,1.0,1,1,1,1,1,1.0,auto_match,EMAIL::deepaatwal@example.net,2026-02-05T14:34:19
CRM_A_P_PROV_00878_195,CRM_B_P_PROV_00878_948,CRM_A,CRM_B,8671018609.0,8671018609.0,xmukhopadhyay@example.net,xmukhopadhyay@example.net,9623421926,9623421926,1.0,1.0,1.0,1,1,1,1,1,1.0,auto_match,EMAIL::xmukhopadhyay@example.net,2026-02-05T14:34:20
CRM_A_P_PROV_00880_388,CRM_B_P_PROV_00880_366,CRM_A,CRM_B,4416395064.0,4416395064.0,brout@example.net,brout@example.net,2000532853,2000532853,1.0,1.0,1.0,1,1,1,1,1,1.0,auto_match,EMAIL::brout@example.net,2026-02-05T14:34:20
CRM_A_P_PROV_00880_388,CRM_B_P_PROV_00880_407,CRM_A,CRM_B,4416395064.0,4416395064.0,brout@example.net,brout@example.net,2000532853,2000532853,1.0,1.0,1.0,1,1,1,1,1,1.0,auto_match,EMAIL::brout@example.net,2026-02-05T14:34:20
CRM_B_P_PROV_00880_366,CRM_B_P_PROV_00880_407,CRM_B,CRM_B,4416395064.0,4416395064.0,brout@example.net,brout@example.net,2000532853,2000532853,1.0,1.0,1.0,1,1,1,1,1,1.0,auto_match,EMAIL::brout@example.net,2026-02-05T14:34:20
CRM_A_P_PROV_00882_762,CRM_B_P_PROV_00882_350,CRM_A,CRM_B,9688882785.0,9688882785.0,dgade@example.com,dgade@example.com,3283896337,3283896337,1.0,1.0,1.0,1,1,1,1,1,1.0,auto_match,EMAIL::dgade@example.com,2026-02-05T14:34:20
CRM_A_P_PROV_00888_915,CRM_B_P_PROV_00888_798,CRM_A,CRM_B,3956193411.0,3956193411.0,yaminimittal@example.org,yaminimittal@example.org,7347853698,7347853698,1.0,1.0,1.0,1,1,1,1,1,1.0,auto_match,EMAIL::yaminimittal@example.org,2026-02-05T14:34:20
CRM_A_P_PROV_00215_631,CRM_B_P_PROV_00215_873,CRM_A,CRM_B,2635231601.0,2635231601.0,adya85@example.com,adya85@example.com,8620959351,8620959351,1.0,1.0,1.0,1,1,1,1,1,1.0,auto_match,LNCC::sengupta::alappuzha::US,2026-02-05T14:34:19
CRM_A_P_PROV_00061_314,CRM_B_P_PROV_00061_118,CRM_A,CRM_B,8578226896.0,8578226896.0,dominic51@example.net,dominic51@example.net,6449251925,6449251925,1.0,1.0,1.0,1,1,1,1,1,1.0,auto_match,EMAIL::dominic51@example.net,2026-02-05T14:34:19
CRM_A_P_PROV_00063_619,CRM_B_P_PROV_00063_632,CRM_A,CRM_B,5306459450.0,5306459450.0,rpatla@example.net,rpatla@example.net,7947383473,7947383473,1.0,1.0,1.0,1,1,1,1,1,1.0,auto_match,EMAIL::rpatla@example.net,2026-02-05T14:34:19
CRM_A_P_PROV_00066_562,CRM_B_P_PROV_00066_269,CRM_A,CRM_B,2880160025.0,2880160025.0,jairaj03@example.com,jairaj03@example.com,9711798089,9711798089,1.0,1.0,1.0,1,1,1,1,1,1.0,auto_match,EMAIL::jairaj03@example.com,2026-02-05T14:34:19
CRM_A_P_PROV_02156_682,CRM_B_P_PROV_02156_892,CRM_A,CRM_B,5329305403.0,5329305403.0,nikitabala@example.com,nikitabala@example.com,6531434220,6531434220,1.0,1.0,1.0,1,1,1,1,1,1.0,auto_match,EMAIL::nikitabala@example.com,2026-02-05T14:34:21
CRM_A_P_PROV_02160_575,CRM_B_P_PROV_02160_109,CRM_A,CRM_B,6487757017.0,6487757017.0,ibhalla@example.org,ibhalla@example.org,6169047610,6169047610,1.0,1.0,1.0,1,1,1,1,1,1.0,auto_match,EMAIL::ibhalla@example.org,2026-02-05T14:34:21
CRM_A_P_PROV_02160_575,CRM_B_P_PROV_02160_728,CRM_A,CRM_B,6487757017.0,6487757017.0,ibhalla@example.org,ibhalla@example.org,6169047610,6169047610,1.0,1.0,1.0,1,1,1,1,1,1.0,auto_match,EMAIL::ibhalla@example.org,2026-02-05T14:34:21
CRM_A_P_PROV_00041_267,CRM_B_P_PROV_00041_906,CRM_A,CRM_B,8995059760.0,8995059760.0,vlanka@example.net,vlanka@example.net,6158657809,6158657809,1.0,1.0,1.0,1,1,1,1,1,1.0,auto_match,EMAIL::vlanka@example.net,2026-02-05T14:34:19
CRM_A_P_PROV_00043_751,CRM_B_P_PROV_00043_774,CRM_A,CRM_B,1267429212.0,1267429212.0,dkumar@example.com,dkumar@example.com,0748217594,0748217594,1.0,1.0,1.0,1,1,1,1,1,1.0,auto_match,EMAIL::dkumar@example.com,2026-02-05T14:34:19
CRM_A_P_PROV_00044_227,CRM_B_P_PROV_00044_736,CRM_A,CRM_B,4856070374.0,4856070374.0,anthony64@example.org,anthony64@example.org,0974395339,0974395339,1.0,1.0,1.0,1,1,1,1,1,1.0,auto_match,EMAIL::anthony64@example.org,2026-02-05T14:34:19
CRM_A_P_PROV_00807_770,CRM_B_P_PROV_00807_598,CRM_A,CRM_B,3939637388.0,3939637388.0,arya71@example.com,arya71@example.com,1982734813,1982734813,1.0,1.0,1.0,1,1,1,1,1,1.0,auto_match,EMAIL::arya71@example.com,2026-02-05T14:34:20
CRM_A_P_PROV_00808_741,CRM_B_P_PROV_00808_702,CRM_A,CRM_B,3195758393.0,3195758393.0,nminhas@example.net,nminhas@example.net,7483526806,7483526806,1.0,1.0,1.0,1,1,1,1,1,1.0,auto_match,EMAIL::nminhas@example.net,2026-02-05T14:34:20
CRM_A_P_PROV_00809_176,CRM_B_P_PROV_00809_493,CRM_A,CRM_B,3725058806.0,3725058806.0,peter53@example.com,peter53@example.com,4628055077,4628055077,1.0,1.0,1.0,1,1,1,1,1,1.0,auto_match,EMAIL::peter53@example.com,2026-02-05T14:34:20
CRM_A_P_PROV_00892_313,CRM_B_P_PROV_00892_252,CRM_A,CRM_B,3769290424.0,3769290424.0,gben@example.com,gben@example.com,0187260013,0187260013,1.0,1.0,1.0,1,1,1,1,1,1.0,auto_match,EMAIL::gben@example.com,2026-02-05T14:34:20
CRM_A_P_PROV_00795_738,CRM_B_P_PROV_00795_415,CRM_A,CRM_B,9530862812.0,9530862812.0,keerbimala@example.com,keerbimala@example.com,3198074682,3198074682,1.0,1.0,1.0,1,1,1,1,1,1.0,auto_match,EMAIL::keerbimala@example.com,2026-02-05T14:34:20
CRM_A_P_PROV_00795_738,CRM_A_P_PROV_00795_801,CRM_A,CRM_A,9530862812.0,9530862812.0,keerbimala@example.com,keerbimala@example.com,3198074682,3198074682,1.0,1.0,1.0,1,1,1,1,1,1.0,auto_match,EMAIL::keerbimala@example.com,2026-02-05T14:34:20
CRM_A_P_PROV_02135_106,CRM_B_P_PROV_02135_402,CRM_A,CRM_B,2290960691.0,2290960691.0,nishabose@example.org,nishabose@example.org,6694810011,6694810011,1.0,1.0,1.0,1,1,1,1,1,1.0,auto_match,EMAIL::nishabose@example.org,2026-02-05T14:34:21
CRM_A_P_PROV_00076_633,CRM_B_P_PROV_00076_578,CRM_A,CRM_B,5933179746.0,5933179746.0,bumbchakradev@example.net,bumbchakradev@example.net,4396907844,4396907844,1.0,1.0,1.0,1,1,1,1,1,1.0,auto_match,EMAIL::bumbchakradev@example.net,2026-02-05T14:34:19
CRM_A_P_PROV_00077_566,CRM_B_P_PROV_00077_935,CRM_A,CRM_B,8625905455.0,8625905455.0,vjani@example.net,vjani@example.net,5556258815,5556258815,1.0,1.0,1.0,1,1,1,1,1,1.0,auto_match,EMAIL::vjani@example.net,2026-02-05T14:34:19
CRM_A_P_PROV_02141_597,CRM_B_P_PROV_02141_721,CRM_A,CRM_B,1107010327.0,1107010327.0,kadedominic@example.com,kadedominic@example.com,4421437780,4421437780,1.0,1.0,1.0,1,1,1,1,1,1.0,auto_match,EMAIL::kadedominic@example.com,2026-02-05T14:34:21
CRM_A_P_PROV_00057_628,CRM_B_P_PROV_00057_878,CRM_A,CRM_B,1795212538.0,1795212538.0,ubail@example.org,ubail@example.org,7516136968,7516136968,1.0,1.0,1.0,1,1,1,1,1,1.0,auto_match,EMAIL::ubail@example.org,2026-02-05T14:34:19
CRM_A_P_PROV_00059_369,CRM_B_P_PROV_00059_462,CRM_A,CRM_B,8528185058.0,8528185058.0,osathe@example.com,osathe@example.com,9058147700,9058147700,1.0,1.0,1.0,1,1,1,1,1,1.0,auto_match,EMAIL::osathe@example.com,2026-02-05T14:34:19
CRM_B_P_PROV_00795_415,CRM_A_P_PROV_00795_801,CRM_B,CRM_A,9530862812.0,9530862812.0,keerbimala@example.com,keerbimala@example.com,3198074682,3198074682,1.0,1.0,1.0,1,1,1,1,1,1.0,auto_match,EMAIL::keerbimala@example.com,2026-02-05T14:34:20
CRM_A_P_PROV_00798_725,CRM_B_P_PROV_00798_713,CRM_A,CRM_B,4203690252.0,4203690252.0,pillairobert@example.com,pillairobert@example.com,8348268999,8348268999,1.0,1.0,1.0,1,1,1,1,1,1.0,auto_match,EMAIL::pillairobert@example.com,2026-02-05T14:34:20
CRM_A_P_PROV_00897_582,CRM_B_P_PROV_00897_857,CRM_A,CRM_B,3870048566.0,3870048566.0,ekta22@example.net,ekta22@example.net,4252516185,4252516185,1.0,1.0,1.0,1,1,1,1,1,1.0,auto_match,EMAIL::ekta22@example.net,2026-02-05T14:34:20
CRM_A_P_PROV_00898_924,CRM_B_P_PROV_00898_185,CRM_A,CRM_B,4675905639.0,4675905639.0,patildarika@example.net,patildarika@example.net,4774473535,4774473535,1.0,1.0,1.0,1,1,1,1,1,1.0,auto_match,EMAIL::patildarika@example.net,2026-02-05T14:34:20
CRM_A_P_PROV_00898_924,CRM_A_P_PROV_00898_322,CRM_A,CRM_A,4675905639.0,4675905639.0,patildarika@example.net,patildarika@example.net,4774473535,4774473535,1.0,1.0,1.0,1,1,1,1,1,1.0,auto_match,EMAIL::patildarika@example.net,2026-02-05T14:34:20
CRM_B_P_PROV_00898_185,CRM_A_P_PROV_00898_322,CRM_B,CRM_A,4675905639.0,4675905639.0,patildarika@example.net,patildarika@example.net,4774473535,4774473535,1.0,1.0,1.0,1,1,1,1,1,1.0,auto_match,EMAIL::patildarika@example.net,2026-02-05T14:34:20
CRM_A_P_PROV_00906_729,CRM_B_P_PROV_00906_244,CRM_A,CRM_B,7856113826.0,7856113826.0,kadakiayadavi@example.com,kadakiayadavi@example.com,8119397814,8119397814,1.0,1.0,1.0,1,1,1,1,1,1.0,auto_match,EMAIL::kadakiayadavi@example.com,2026-02-05T14:34:20
CRM_A_P_PROV_00785_632,CRM_B_P_PROV_00785_429,CRM_A,CRM_B,1692392816.0,1692392816.0,nilimalall@example.org,nilimalall@example.org,6121203843,6121203843,1.0,1.0,1.0,1,1,1,1,1,1.0,auto_match,EMAIL::nilimalall@example.org,2026-02-05T14:34:20
CRM_A_P_PROV_00789_829,CRM_B_P_PROV_00789_650,CRM_A,CRM_B,3598217672.0,3598217672.0,robert06@example.net,robert06@example.net,5882493534,5882493534,1.0,1.0,1.0,1,1,1,1,1,1.0,auto_match,EMAIL::robert06@example.net,2026-02-05T14:34:20
CRM_A_P_PROV_00792_757,CRM_B_P_PROV_00792_786,CRM_A,CRM_B,9011824906.0,9011824906.0,mahalshivani@example.net,mahalshivani@example.net,4630198642,4630198642,1.0,1.0,1.0,1,1,1,1,1,1.0,auto_match,EMAIL::mahalshivani@example.net,2026-02-05T14:34:20
CRM_A_P_PROV_00792_757,CRM_B_P_PROV_00792_187,CRM_A,CRM_B,9011824906.0,9011824906.0,mahalshivani@example.net,mahalshivani@example.net,4630198642,4630198642,1.0,1.0,1.0,1,1,1,1,1,1.0,auto_match,EMAIL::mahalshivani@example.net,2026-02-05T14:34:20
CRM_B_P_PROV_00792_786,CRM_B_P_PROV_00792_187,CRM_B,CRM_B,9011824906.0,9011824906.0,mahalshivani@example.net,mahalshivani@example.net,4630198642,4630198642,1.0,1.0,1.0,1,1,1,1,1,1.0,auto_match,EMAIL::mahalshivani@example.net,2026-02-05T14:34:20
CRM_A_P_PROV_00794_659,CRM_B_P_PROV_00794_174,CRM_A,CRM_B,3824211316.0,3824211316.0,goyalvictor@example.org,goyalvictor@example.org,0186766100,0186766100,1.0,1.0,1.0,1,1,1,1,1,1.0,auto_match,EMAIL::goyalvictor@example.org,2026-02-05T14:34:20
CRM_B_P_PROV_00911_362,CRM_A_P_PROV_00911_535,CRM_B,CRM_A,3080288209.0,3080288209.0,urishillasunder@example.org,urishillasunder@example.org,0289666053,0289666053,1.0,1.0,1.0,1,1,1,1,1,1.0,auto_match,NPI::3080288209.0,2026-02-05T14:34:20
CRM_A_P_PROV_00917_104,CRM_B_P_PROV_00917_133,CRM_A,CRM_B,6228372352.0,6228372352.0,gardeviraj@example.org,gardeviraj@example.org,0577204410,0577204410,1.0,1.0,1.0,1,1,1,1,1,1.0,auto_match,EMAIL::gardeviraj@example.org,2026-02-05T14:34:20
CRM_B_P_PROV_02111_811,CRM_B_P_PROV_02111_885,CRM_B,CRM_B,5522081055.0,5522081055.0,dalajauppal@example.net,dalajauppal@example.net,9759553642,9759553642,1.0,1.0,1.0,1,1,1,1,1,1.0,auto_match,NPI::5522081055.0,2026-02-05T14:34:21
CRM_A_P_PROV_00082_257,CRM_B_P_PROV_00082_883,CRM_A,CRM_B,4747699292.0,4747699292.0,sahadarika@example.net,sahadarika@example.net,0974993097,0974993097,1.0,1.0,1.0,1,1,1,1,1,1.0,auto_match,EMAIL::sahadarika@example.net,2026-02-05T14:34:19
CRM_A_P_PROV_00084_743,CRM_B_P_PROV_00084_841,CRM_A,CRM_B,3504640817.0,3504640817.0,aryamisra@example.org,aryamisra@example.org,4375758441,4375758441,1.0,1.0,1.0,1,1,1,1,1,1.0,auto_match,EMAIL::aryamisra@example.org,2026-02-05T14:34:19
CRM_A_P_PROV_00086_183,CRM_B_P_PROV_00086_739,CRM_A,CRM_B,3075362821.0,3075362821.0,psood@example.org,psood@example.org,5401938026,5401938026,1.0,1.0,1.0,1,1,1,1,1,1.0,auto_match,EMAIL::psood@example.org,2026-02-05T14:34:19
CRM_A_P_PROV_02121_357,CRM_B_P_PROV_02121_857,CRM_A,CRM_B,8517714043.0,8517714043.0,kalahayre@example.org,kalahayre@example.org,1435456367,1435456367,1.0,1.0,1.0,1,1,1,1,1,1.0,auto_match,EMAIL::kalahayre@example.org,2026-02-05T14:34:21
CRM_A_P_PROV_02122_243,CRM_B_P_PROV_02122_994,CRM_A,CRM_B,4566444169.0,4566444169.0,balasubramaniannetra@example.org,balasubramaniannetra@example.org,6739206042,6739206042,1.0,1.0,1.0,1,1,1,1,1,1.0,auto_match,EMAIL::balasubramaniannetra@example.org,2026-02-05T14:34:21
CRM_A_P_PROV_02125_345,CRM_B_P_PROV_02125_211,CRM_A,CRM_B,8292722149.0,8292722149.0,jagatmahal@example.org,jagatmahal@example.org,6057432111,6057432111,1.0,1.0,1.0,1,1,1,1,1,1.0,auto_match,EMAIL::jagatmahal@example.org,2026-02-05T14:34:21
CRM_A_P_PROV_02125_345,CRM_B_P_PROV_02125_686,CRM_A,CRM_B,8292722149.0,8292722149.0,jagatmahal@example.org,jagatmahal@example.org,6057432111,6057432111,1.0,1.0,1.0,1,1,1,1,1,1.0,auto_match,EMAIL::jagatmahal@example.org,2026-02-05T14:34:21
CRM_B_P_PROV_02125_211,CRM_B_P_PROV_02125_686,CRM_B,CRM_B,8292722149.0,8292722149.0,jagatmahal@example.org,jagatmahal@example.org,6057432111,6057432111,1.0,1.0,1.0,1,1,1,1,1,1.0,auto_match,EMAIL::jagatmahal@example.org,2026-02-05T14:34:21
CRM_A_P_PROV_02126_216,CRM_B_P_PROV_02126_566,CRM_A,CRM_B,2751153225.0,2751153225.0,bhavsarwahab@example.com,bhavsarwahab@example.com,1765920594,1765920594,1.0,1.0,1.0,1,1,1,1,1,1.0,auto_match,EMAIL::bhavsarwahab@example.com,2026-02-05T14:34:21
CRM_A_P_PROV_02127_153,CRM_B_P_PROV_02127_252,CRM_A,CRM_B,3544296636.0,3544296636.0,oaktarak@example.net,oaktarak@example.net,0964394534,0964394534,1.0,1.0,1.0,1,1,1,1,1,1.0,auto_match,EMAIL::oaktarak@example.net,2026-02-05T14:34:21
CRM_A_P_PROV_02131_973,CRM_B_P_PROV_02131_831,CRM_A,CRM_B,3816548023.0,3816548023.0,handavanya@example.org,handavanya@example.org,7731205886,7731205886,1.0,1.0,1.0,1,1,1,1,1,1.0,auto_match,EMAIL::handavanya@example.org,2026-02-05T14:34:21
CRM_A_P_PROV_02100_258,CRM_B_P_PROV_02100_251,CRM_A,CRM_B,7103045555.0,7103045555.0,udarshsastry@example.org,udarshsastry@example.org,0908575379,0908575379,1.0,1.0,1.0,1,1,1,1,1,1.0,auto_match,EMAIL::udarshsastry@example.org,2026-02-05T14:34:21
CRM_A_P_PROV_02101_461,CRM_B_P_PROV_02101_945,CRM_A,CRM_B,9705476853.0,9705476853.0,duttbhavika@example.net,duttbhavika@example.net,7852346151,7852346151,1.0,1.0,1.0,1,1,1,1,1,1.0,auto_match,EMAIL::duttbhavika@example.net,2026-02-05T14:34:21
CRM_A_P_PROV_00089_167,CRM_B_P_PROV_00089_451,CRM_A,CRM_B,8682023540.0,8682023540.0,jacob45@example.net,jacob45@example.net,3272795687,3272795687,1.0,1.0,1.0,1,1,1,1,1,1.0,auto_match,EMAIL::jacob45@example.net,2026-02-05T14:34:19
CRM_B_P_PROV_00090_729,CRM_B_P_PROV_00090_215,CRM_B,CRM_B,9218363978.0,9218363978.0,masongala@example.com,masongala@example.com,7139718707,7139718707,1.0,1.0,1.0,1,1,1,1,1,1.0,auto_match,NPI::9218363978.0,2026-02-05T14:34:19
CRM_A_P_PROV_00096_140,CRM_B_P_PROV_00096_288,CRM_A,CRM_B,8064477344.0,8064477344.0,gangabrar@example.com,gangabrar@example.com,1830469901,1830469901,1.0,1.0,1.0,1,1,1,1,1,1.0,auto_match,EMAIL::gangabrar@example.com,2026-02-05T14:34:19
CRM_A_P_PROV_02103_796,CRM_B_P_PROV_02103_548,CRM_A,CRM_B,6733158970.0,6733158970.0,zehaanpurohit@example.com,zehaanpurohit@example.com,0814498602,0814498602,1.0,1.0,1.0,1,1,1,1,1,1.0,auto_match,EMAIL::zehaanpurohit@example.com,2026-02-05T14:34:21
CRM_A_P_PROV_00776_852,CRM_B_P_PROV_00776_415,CRM_A,CRM_B,6510614294.0,6510614294.0,arya47@example.org,arya47@example.org,1916503440,1916503440,1.0,1.0,1.0,1,1,1,1,1,1.0,auto_match,EMAIL::arya47@example.org,2026-02-05T14:34:20
CRM_A_P_PROV_00777_873,CRM_B_P_PROV_00777_438,CRM_A,CRM_B,5885787104.0,5885787104.0,jshenoy@example.org,jshenoy@example.org,4174681359,4174681359,1.0,1.0,1.0,1,1,1,1,1,1.0,auto_match,EMAIL::jshenoy@example.org,2026-02-05T14:34:20
CRM_A_P_PROV_00931_893,CRM_B_P_PROV_00931_668,CRM_A,CRM_B,2963153449.0,2963153449.0,fitan86@example.com,fitan86@example.com,6300099843,6300099843,1.0,1.0,1.0,1,1,1,1,1,1.0,auto_match,EMAIL::fitan86@example.com,2026-02-05T14:34:20
CRM_A_P_PROV_00931_893,CRM_A_P_PROV_00931_468,CRM_A,CRM_A,2963153449.0,2963153449.0,fitan86@example.com,fitan86@example.com,6300099843,6300099843,1.0,1.0,1.0,1,1,1,1,1,1.0,auto_match,EMAIL::fitan86@example.com,2026-02-05T14:34:20
CRM_B_P_PROV_00931_668,CRM_A_P_PROV_00931_468,CRM_B,CRM_A,2963153449.0,2963153449.0,fitan86@example.com,fitan86@example.com,6300099843,6300099843,1.0,1.0,1.0,1,1,1,1,1,1.0,auto_match,EMAIL::fitan86@example.com,2026-02-05T14:34:20
CRM_A_P_PROV_00935_182,CRM_B_P_PROV_00935_658,CRM_A,CRM_B,2734195515.0,2734195515.0,hredhaan81@example.net,hredhaan81@example.net,1255904610,1255904610,1.0,1.0,1.0,1,1,1,1,1,1.0,auto_match,EMAIL::hredhaan81@example.net,2026-02-05T14:34:20
CRM_A_P_PROV_00938_423,CRM_B_P_PROV_00938_907,CRM_A,CRM_B,5991136756.0,5991136756.0,vyanjana24@example.org,vyanjana24@example.org,8617682251,8617682251,1.0,1.0,1.0,1,1,1,1,1,1.0,auto_match,EMAIL::vyanjana24@example.org,2026-02-05T14:34:20
CRM_A_P_PROV_00939_120,CRM_B_P_PROV_00939_650,CRM_A,CRM_B,5604055120.0,5604055120.0,idua@example.com,idua@example.com,9768784947,9768784947,1.0,1.0,1.0,1,1,1,1,1,1.0,auto_match,EMAIL::idua@example.com,2026-02-05T14:34:20
CRM_A_P_PROV_00943_102,CRM_B_P_PROV_00943_753,CRM_A,CRM_B,6746860557.0,6746860557.0,dyalkamala@example.com,dyalkamala@example.com,4123016049,4123016049,1.0,1.0,1.0,1,1,1,1,1,1.0,auto_match,EMAIL::dyalkamala@example.com,2026-02-05T14:34:20
CRM_A_P_PROV_02084_877,CRM_B_P_PROV_02084_547,CRM_A,CRM_B,4174628090.0,4174628090.0,gbarad@example.net,gbarad@example.net,9993191400,9993191400,1.0,1.0,1.0,1,1,1,1,1,1.0,auto_match,EMAIL::gbarad@example.net,2026-02-05T14:34:21
CRM_A_P_PROV_00099_726,CRM_A_P_PROV_00099_394,CRM_A,CRM_A,6043349038.0,6043349038.0,aarini77@example.com,aarini77@example.com,5228728080,5228728080,1.0,1.0,1.0,1,1,1,1,1,1.0,auto_match,EMAIL::aarini77@example.com,2026-02-05T14:34:19
CRM_A_P_PROV_02092_883,CRM_B_P_PROV_02092_286,CRM_A,CRM_B,2601371204.0,2601371204.0,ekansh24@example.org,ekansh24@example.org,1605029990,1605029990,1.0,1.0,1.0,1,1,1,1,1,1.0,auto_match,EMAIL::ekansh24@example.org,2026-02-05T14:34:21
CRM_A_P_PROV_02098_433,CRM_B_P_PROV_02098_212,CRM_A,CRM_B,6105030826.0,6105030826.0,unnatisawhney@example.org,unnatisawhney@example.org,1054026028,1054026028,1.0,1.0,1.0,1,1,1,1,1,1.0,auto_match,EMAIL::unnatisawhney@example.org,2026-02-05T14:34:21
CRM_A_P_PROV_00955_784,CRM_B_P_PROV_00955_263,CRM_A,CRM_B,9000548296.0,9000548296.0,leena47@example.net,leena47@example.net,3703175438,3703175438,1.0,1.0,1.0,1,1,1,1,1,1.0,auto_match,EMAIL::leena47@example.net,2026-02-05T14:34:20
CRM_A_P_PROV_00955_784,CRM_B_P_PROV_00955_280,CRM_A,CRM_B,9000548296.0,9000548296.0,leena47@example.net,leena47@example.net,3703175438,3703175438,1.0,1.0,1.0,1,1,1,1,1,1.0,auto_match,EMAIL::leena47@example.net,2026-02-05T14:34:20
CRM_B_P_PROV_00955_263,CRM_B_P_PROV_00955_280,CRM_B,CRM_B,9000548296.0,9000548296.0,leena47@example.net,leena47@example.net,3703175438,3703175438,1.0,1.0,1.0,1,1,1,1,1,1.0,auto_match,EMAIL::leena47@example.net,2026-02-05T14:34:20
CRM_A_P_PROV_00964_812,CRM_A_P_PROV_00964_130,CRM_A,CRM_A,4081027848.0,4081027848.0,sachi63@example.net,sachi63@example.net,8390654025,8390654025,1.0,1.0,1.0,1,1,1,1,1,1.0,auto_match,EMAIL::sachi63@example.net,2026-02-05T14:34:20
CRM_A_P_PROV_00768_459,CRM_B_P_PROV_00768_890,CRM_A,CRM_B,3112946882.0,3112946882.0,yochana98@example.net,yochana98@example.net,2117088948,2117088948,1.0,1.0,1.0,1,1,1,1,1,1.0,auto_match,EMAIL::yochana98@example.net,2026-02-05T14:34:20
CRM_A_P_PROV_00965_290,CRM_B_P_PROV_00965_784,CRM_A,CRM_B,1468853596.0,1468853596.0,duttajacob@example.com,duttajacob@example.com,5049602667,5049602667,1.0,1.0,1.0,1,1,1,1,1,1.0,auto_match,EMAIL::duttajacob@example.com,2026-02-05T14:34:20
CRM_A_P_PROV_00973_658,CRM_B_P_PROV_00973_538,CRM_A,CRM_B,9223296899.0,9223296899.0,chandranvarughese@example.com,chandranvarughese@example.com,9724792542,9724792542,1.0,1.0,1.0,1,1,1,1,1,1.0,auto_match,EMAIL::chandranvarughese@example.com,2026-02-05T14:34:20
CRM_A_P_PROV_00973_658,CRM_B_P_PROV_00973_900,CRM_A,CRM_B,9223296899.0,9223296899.0,chandranvarughese@example.com,chandranvarughese@example.com,9724792542,9724792542,1.0,1.0,1.0,1,1,1,1,1,1.0,auto_match,EMAIL::chandranvarughese@example.com,2026-02-05T14:34:20
CRM_B_P_PROV_00973_538,CRM_B_P_PROV_00973_900,CRM_B,CRM_B,9223296899.0,9223296899.0,chandranvarughese@example.com,chandranvarughese@example.com,9724792542,9724792542,1.0,1.0,1.0,1,1,1,1,1,1.0,auto_match,EMAIL::chandranvarughese@example.com,2026-02-05T14:34:20
CRM_A_P_PROV_00752_528,CRM_B_P_PROV_00752_305,CRM_A,CRM_B,1693325479.0,1693325479.0,jackjohal@example.org,jackjohal@example.org,7672019111,7672019111,1.0,1.0,1.0,1,1,1,1,1,1.0,auto_match,EMAIL::jackjohal@example.org,2026-02-05T14:34:20
CRM_A_P_PROV_00752_528,CRM_B_P_PROV_00752_716,CRM_A,CRM_B,1693325479.0,1693325479.0,jackjohal@example.org,jackjohal@example.org,7672019111,7672019111,1.0,1.0,1.0,1,1,1,1,1,1.0,auto_match,EMAIL::jackjohal@example.org,2026-02-05T14:34:20
CRM_B_P_PROV_00752_305,CRM_B_P_PROV_00752_716,CRM_B,CRM_B,1693325479.0,1693325479.0,jackjohal@example.org,jackjohal@example.org,7672019111,7672019111,1.0,1.0,1.0,1,1,1,1,1,1.0,auto_match,EMAIL::jackjohal@example.org,2026-02-05T14:34:20
CRM_A_P_PROV_00758_952,CRM_A_P_PROV_00758_208,CRM_A,CRM_A,3515332140.0,3515332140.0,nmorar@example.org,nmorar@example.org,7955462347,7955462347,1.0,1.0,1.0,1,1,1,1,1,1.0,auto_match,EMAIL::nmorar@example.org,2026-02-05T14:34:20
CRM_A_P_PROV_00980_527,CRM_B_P_PROV_00980_911,CRM_A,CRM_B,4320036885.0,4320036885.0,nmanda@example.net,nmanda@example.net,5009537234,5009537234,1.0,1.0,1.0,1,1,1,1,1,1.0,auto_match,EMAIL::nmanda@example.net,2026-02-05T14:34:20
CRM_A_P_PROV_00982_220,CRM_B_P_PROV_00982_342,CRM_A,CRM_B,4802545724.0,4802545724.0,yjoshi@example.com,yjoshi@example.com,4290461755,4290461755,1.0,1.0,1.0,1,1,1,1,1,1.0,auto_match,EMAIL::yjoshi@example.com,2026-02-05T14:34:20
CRM_A_P_PROV_00982_220,CRM_B_P_PROV_00982_123,CRM_A,CRM_B,4802545724.0,4802545724.0,yjoshi@example.com,yjoshi@example.com,4290461755,4290461755,1.0,1.0,1.0,1,1,1,1,1,1.0,auto_match,EMAIL::yjoshi@example.com,2026-02-05T14:34:20
CRM_B_P_PROV_00982_342,CRM_B_P_PROV_00982_123,CRM_B,CRM_B,4802545724.0,4802545724.0,yjoshi@example.com,yjoshi@example.com,4290461755,4290461755,1.0,1.0,1.0,1,1,1,1,1,1.0,auto_match,EMAIL::yjoshi@example.com,2026-02-05T14:34:20
CRM_A_P_PROV_00109_436,CRM_B_P_PROV_00109_792,CRM_A,CRM_B,8118240999.0,8118240999.0,odewan@example.com,odewan@example.com,4266179796,4266179796,1.0,1.0,1.0,1,1,1,1,1,1.0,auto_match,EMAIL::odewan@example.com,2026-02-05T14:34:19
CRM_A_P_PROV_00110_674,CRM_B_P_PROV_00110_420,CRM_A,CRM_B,1225953184.0,1225953184.0,ynarula@example.com,ynarula@example.com,0143888993,0143888993,1.0,1.0,1.0,1,1,1,1,1,1.0,auto_match,EMAIL::ynarula@example.com,2026-02-05T14:34:19
CRM_A_P_PROV_00111_562,CRM_B_P_PROV_00111_681,CRM_A,CRM_B,3200510647.0,3200510647.0,merchantojasvi@example.org,merchantojasvi@example.org,2545738757,2545738757,1.0,1.0,1.0,1,1,1,1,1,1.0,auto_match,EMAIL::merchantojasvi@example.org,2026-02-05T14:34:19
CRM_A_P_PROV_00113_608,CRM_B_P_PROV_00113_600,CRM_A,CRM_B,4022245086.0,4022245086.0,aramachandran@example.net,aramachandran@example.net,3419182553,3419182553,1.0,1.0,1.0,1,1,1,1,1,1.0,auto_match,EMAIL::aramachandran@example.net,2026-02-05T14:34:19
CRM_A_P_PROV_00120_272,CRM_B_P_PROV_00120_362,CRM_A,CRM_B,5539308214.0,5539308214.0,bkamdar@example.org,bkamdar@example.org,4545892975,4545892975,1.0,1.0,1.0,1,1,1,1,1,1.0,auto_match,EMAIL::bkamdar@example.org,2026-02-05T14:34:19
CRM_A_P_PROV_02064_624,CRM_B_P_PROV_02064_689,CRM_A,CRM_B,7269949295.0,7269949295.0,ichopra@example.org,ichopra@example.org,2861402454,2861402454,1.0,1.0,1.0,1,1,1,1,1,1.0,auto_match,EMAIL::ichopra@example.org,2026-02-05T14:34:21
CRM_A_P_PROV_02064_624,CRM_B_P_PROV_02064_693,CRM_A,CRM_B,7269949295.0,7269949295.0,ichopra@example.org,ichopra@example.org,2861402454,2861402454,1.0,1.0,1.0,1,1,1,1,1,1.0,auto_match,EMAIL::ichopra@example.org,2026-02-05T14:34:21
CRM_B_P_PROV_02064_689,CRM_B_P_PROV_02064_693,CRM_B,CRM_B,7269949295.0,7269949295.0,ichopra@example.org,ichopra@example.org,2861402454,2861402454,1.0,1.0,1.0,1,1,1,1,1,1.0,auto_match,EMAIL::ichopra@example.org,2026-02-05T14:34:21
CRM_A_P_PROV_02075_212,CRM_B_P_PROV_02075_158,CRM_A,CRM_B,3361923184.0,3361923184.0,kloke@example.com,kloke@example.com,3206543261,3206543261,1.0,1.0,1.0,1,1,1,1,1,1.0,auto_match,EMAIL::kloke@example.com,2026-02-05T14:34:21
CRM_A_P_PROV_00748_169,CRM_B_P_PROV_00748_711,CRM_A,CRM_B,6608571382.0,6608571382.0,groverowen@example.com,groverowen@example.com,2053978713,2053978713,1.0,1.0,1.0,1,1,1,1,1,1.0,auto_match,EMAIL::groverowen@example.com,2026-02-05T14:34:20
CRM_A_P_PROV_00989_447,CRM_B_P_PROV_00989_908,CRM_A,CRM_B,5461666715.0,5461666715.0,sachiloke@example.com,sachiloke@example.com,8330677306,8330677306,1.0,1.0,1.0,1,1,1,1,1,1.0,auto_match,EMAIL::sachiloke@example.com,2026-02-05T14:34:20
CRM_B_P_PROV_00990_232,CRM_B_P_PROV_00990_407,CRM_B,CRM_B,8000914789.0,8000914789.0,valasiya@example.net,valasiya@example.net,8653859067,8653859067,1.0,1.0,1.0,1,1,1,1,1,1.0,auto_match,NPI::8000914789.0,2026-02-05T14:34:20
CRM_A_P_PROV_00739_422,CRM_B_P_PROV_00739_358,CRM_A,CRM_B,3979507921.0,3979507921.0,isengupta@example.com,isengupta@example.com,4227585485,4227585485,1.0,1.0,1.0,1,1,1,1,1,1.0,auto_match,EMAIL::isengupta@example.com,2026-02-05T14:34:20
CRM_A_P_PROV_00126_423,CRM_B_P_PROV_00126_809,CRM_A,CRM_B,1590838716.0,1590838716.0,raoyashawini@example.com,raoyashawini@example.com,8666188924,8666188924,1.0,1.0,1.0,1,1,1,1,1,1.0,auto_match,EMAIL::raoyashawini@example.com,2026-02-05T14:34:19
CRM_A_P_PROV_00136_734,CRM_B_P_PROV_00136_755,CRM_A,CRM_B,5364727160.0,5364727160.0,ybalan@example.net,ybalan@example.net,2532447209,2532447209,1.0,1.0,1.0,1,1,1,1,1,1.0,auto_match,EMAIL::ybalan@example.net,2026-02-05T14:34:19
CRM_A_P_PROV_02034_102,CRM_B_P_PROV_02034_777,CRM_A,CRM_B,1298242731.0,1298242731.0,yashawinikeer@example.com,yashawinikeer@example.com,4480127712,4480127712,1.0,1.0,1.0,1,1,1,1,1,1.0,auto_match,EMAIL::yashawinikeer@example.com,2026-02-05T14:34:21
CRM_A_P_PROV_02038_601,CRM_B_P_PROV_02038_184,CRM_A,CRM_B,9751397719.0,9751397719.0,ojasjayaraman@example.net,ojasjayaraman@example.net,7662154151,7662154151,1.0,1.0,1.0,1,1,1,1,1,1.0,auto_match,EMAIL::ojasjayaraman@example.net,2026-02-05T14:34:21
CRM_A_P_PROV_02039_961,CRM_B_P_PROV_02039_737,CRM_A,CRM_B,7242490615.0,7242490615.0,vkalita@example.net,vkalita@example.net,4926389874,4926389874,1.0,1.0,1.0,1,1,1,1,1,1.0,auto_match,EMAIL::vkalita@example.net,2026-02-05T14:34:21
CRM_A_P_PROV_02054_668,CRM_B_P_PROV_02054_704,CRM_A,CRM_B,2396277182.0,2396277182.0,gayathri95@example.net,gayathri95@example.net,6955912681,6955912681,1.0,1.0,1.0,1,1,1,1,1,1.0,auto_match,EMAIL::gayathri95@example.net,2026-02-05T14:34:21
CRM_A_P_PROV_02060_193,CRM_B_P_PROV_02060_121,CRM_A,CRM_B,6195814868.0,6195814868.0,toorvyanjana@example.org,toorvyanjana@example.org,6833555638,6833555638,1.0,1.0,1.0,1,1,1,1,1,1.0,auto_match,EMAIL::toorvyanjana@example.org,2026-02-05T14:34:21
CRM_A_P_PROV_00741_257,CRM_B_P_PROV_00741_307,CRM_A,CRM_B,2273950560.0,2273950560.0,pavanigopal@example.net,pavanigopal@example.net,4448896699,4448896699,1.0,1.0,1.0,1,1,1,1,1,1.0,auto_match,EMAIL::pavanigopal@example.net,2026-02-05T14:34:20
CRM_A_P_PROV_00741_257,CRM_B_P_PROV_00741_930,CRM_A,CRM_B,2273950560.0,2273950560.0,pavanigopal@example.net,pavanigopal@example.net,4448896699,4448896699,1.0,1.0,1.0,1,1,1,1,1,1.0,auto_match,EMAIL::pavanigopal@example.net,2026-02-05T14:34:20
CRM_A_P_PROV_00741_257,CRM_A_P_PROV_00741_724,CRM_A,CRM_A,2273950560.0,2273950560.0,pavanigopal@example.net,pavanigopal@example.net,4448896699,4448896699,1.0,1.0,1.0,1,1,1,1,1,1.0,auto_match,EMAIL::pavanigopal@example.net,2026-02-05T14:34:20
CRM_B_P_PROV_00741_307,CRM_B_P_PROV_00741_930,CRM_B,CRM_B,2273950560.0,2273950560.0,pavanigopal@example.net,pavanigopal@example.net,4448896699,4448896699,1.0,1.0,1.0,1,1,1,1,1,1.0,auto_match,EMAIL::pavanigopal@example.net,2026-02-05T14:34:20
CRM_B_P_PROV_00741_307,CRM_A_P_PROV_00741_724,CRM_B,CRM_A,2273950560.0,2273950560.0,pavanigopal@example.net,pavanigopal@example.net,4448896699,4448896699,1.0,1.0,1.0,1,1,1,1,1,1.0,auto_match,EMAIL::pavanigopal@example.net,2026-02-05T14:34:20
CRM_B_P_PROV_00741_930,CRM_A_P_PROV_00741_724,CRM_B,CRM_A,2273950560.0,2273950560.0,pavanigopal@example.net,pavanigopal@example.net,4448896699,4448896699,1.0,1.0,1.0,1,1,1,1,1,1.0,auto_match,EMAIL::pavanigopal@example.net,2026-02-05T14:34:20
CRM_A_P_PROV_00993_620,CRM_B_P_PROV_00993_568,CRM_A,CRM_B,7193134742.0,7193134742.0,nmorar@example.com,nmorar@example.com,6942039831,6942039831,1.0,1.0,1.0,1,1,1,1,1,1.0,auto_match,EMAIL::nmorar@example.com,2026-02-05T14:34:20
CRM_A_P_PROV_01001_846,CRM_A_P_PROV_01001_764,CRM_A,CRM_A,9447712449.0,9447712449.0,keyanadkarni@example.org,keyanadkarni@example.org,4055364818,4055364818,1.0,1.0,1.0,1,1,1,1,1,1.0,auto_match,EMAIL::keyanadkarni@example.org,2026-02-05T14:34:20
CRM_A_P_PROV_00723_947,CRM_B_P_PROV_00723_143,CRM_A,CRM_B,3252262370.0,3252262370.0,dchopra@example.net,dchopra@example.net,7032119206,7032119206,1.0,1.0,1.0,1,1,1,1,1,1.0,auto_match,EMAIL::dchopra@example.net,2026-02-05T14:34:20
CRM_A_P_PROV_00724_147,CRM_B_P_PROV_00724_605,CRM_A,CRM_B,1886823531.0,1886823531.0,guptatejas@example.com,guptatejas@example.com,8444902950,8444902950,1.0,1.0,1.0,1,1,1,1,1,1.0,auto_match,EMAIL::guptatejas@example.com,2026-02-05T14:34:20
CRM_A_P_PROV_00727_799,CRM_B_P_PROV_00727_456,CRM_A,CRM_B,8444226103.0,8444226103.0,settyvanya@example.net,settyvanya@example.net,6736820506,6736820506,1.0,1.0,1.0,1,1,1,1,1,1.0,auto_match,EMAIL::settyvanya@example.net,2026-02-05T14:34:20
CRM_A_P_PROV_00142_178,CRM_B_P_PROV_00142_108,CRM_A,CRM_B,8377306021.0,8377306021.0,gaurangnayak@example.com,gaurangnayak@example.com,4331541006,4331541006,1.0,1.0,1.0,1,1,1,1,1,1.0,auto_match,EMAIL::gaurangnayak@example.com,2026-02-05T14:34:19
CRM_A_P_PROV_00144_661,CRM_B_P_PROV_00144_401,CRM_A,CRM_B,3436297208.0,3436297208.0,chatreshchaudhuri@example.com,chatreshchaudhuri@example.com,3688444310,3688444310,1.0,1.0,1.0,1,1,1,1,1,1.0,auto_match,EMAIL::chatreshchaudhuri@example.com,2026-02-05T14:34:19
CRM_A_P_PROV_02023_931,CRM_B_P_PROV_02023_814,CRM_A,CRM_B,1553829805.0,1553829805.0,pjaggi@example.com,pjaggi@example.com,1070686864,1070686864,1.0,1.0,1.0,1,1,1,1,1,1.0,auto_match,EMAIL::pjaggi@example.com,2026-02-05T14:34:21
CRM_B_P_PROV_02023_764,CRM_B_P_PROV_02023_814,CRM_B,CRM_B,1553829805.0,1553829805.0,pjaggi@example.com,pjaggi@example.com,1070686864,1070686864,1.0,1.0,1.0,1,1,1,1,1,1.0,auto_match,EMAIL::pjaggi@example.com,2026-02-05T14:34:21
CRM_A_P_PROV_02028_639,CRM_B_P_PROV_02028_144,CRM_A,CRM_B,9699599840.0,9699599840.0,girindrayadav@example.com,girindrayadav@example.com,4309647429,4309647429,1.0,1.0,1.0,1,1,1,1,1,1.0,auto_match,EMAIL::girindrayadav@example.com,2026-02-05T14:34:21
CRM_A_P_PROV_02028_639,CRM_A_P_PROV_02028_417,CRM_A,CRM_A,9699599840.0,9699599840.0,girindrayadav@example.com,girindrayadav@example.com,4309647429,4309647429,1.0,1.0,1.0,1,1,1,1,1,1.0,auto_match,EMAIL::girindrayadav@example.com,2026-02-05T14:34:21
CRM_B_P_PROV_02028_144,CRM_A_P_PROV_02028_417,CRM_B,CRM_A,9699599840.0,9699599840.0,girindrayadav@example.com,girindrayadav@example.com,4309647429,4309647429,1.0,1.0,1.0,1,1,1,1,1,1.0,auto_match,EMAIL::girindrayadav@example.com,2026-02-05T14:34:21
CRM_A_P_PROV_02029_280,CRM_B_P_PROV_02029_167,CRM_A,CRM_B,5867793105.0,5867793105.0,salviom@example.net,salviom@example.net,9084548262,9084548262,1.0,1.0,1.0,1,1,1,1,1,1.0,auto_match,EMAIL::salviom@example.net,2026-02-05T14:34:21
CRM_A_P_PROV_02030_527,CRM_B_P_PROV_02030_852,CRM_A,CRM_B,4944696348.0,4944696348.0,zramaswamy@example.org,zramaswamy@example.org,0419744765,0419744765,1.0,1.0,1.0,1,1,1,1,1,1.0,auto_match,EMAIL::zramaswamy@example.org,2026-02-05T14:34:21
CRM_A_P_PROV_00731_652,CRM_B_P_PROV_00731_252,CRM_A,CRM_B,8510506350.0,8510506350.0,irajagopalan@example.org,irajagopalan@example.org,9687225893,9687225893,1.0,1.0,1.0,1,1,1,1,1,1.0,auto_match,EMAIL::irajagopalan@example.org,2026-02-05T14:34:20
CRM_A_P_PROV_00731_652,CRM_B_P_PROV_00731_163,CRM_A,CRM_B,8510506350.0,8510506350.0,irajagopalan@example.org,irajagopalan@example.org,9687225893,9687225893,1.0,1.0,1.0,1,1,1,1,1,1.0,auto_match,EMAIL::irajagopalan@example.org,2026-02-05T14:34:20
CRM_B_P_PROV_00731_252,CRM_B_P_PROV_00731_163,CRM_B,CRM_B,8510506350.0,8510506350.0,irajagopalan@example.org,irajagopalan@example.org,9687225893,9687225893,1.0,1.0,1.0,1,1,1,1,1,1.0,auto_match,EMAIL::irajagopalan@example.org,2026-02-05T14:34:20
CRM_A_P_PROV_00732_500,CRM_B_P_PROV_00732_994,CRM_A,CRM_B,6056192729.0,6056192729.0,patelmadhavi@example.com,patelmadhavi@example.com,9579001248,9579001248,1.0,1.0,1.0,1,1,1,1,1,1.0,auto_match,EMAIL::patelmadhavi@example.com,2026-02-05T14:34:20
CRM_A_P_PROV_00737_915,CRM_B_P_PROV_00737_581,CRM_A,CRM_B,1945305958.0,1945305958.0,gvohra@example.org,gvohra@example.org,7500942141,7500942141,1.0,1.0,1.0,1,1,1,1,1,1.0,auto_match,EMAIL::gvohra@example.org,2026-02-05T14:34:20
CRM_A_P_PROV_01002_345,CRM_B_P_PROV_01002_815,CRM_A,CRM_B,2942486389.0,2942486389.0,siya73@example.net,siya73@example.net,4662323606,4662323606,1.0,1.0,1.0,1,1,1,1,1,1.0,auto_match,EMAIL::siya73@example.net,2026-02-05T14:34:20
CRM_A_P_PROV_01005_987,CRM_B_P_PROV_01005_591,CRM_A,CRM_B,8708159741.0,8708159741.0,radha04@example.org,radha04@example.org,4820849315,4820849315,1.0,1.0,1.0,1,1,1,1,1,1.0,auto_match,EMAIL::radha04@example.org,2026-02-05T14:34:20
CRM_A_P_PROV_01005_987,CRM_A_P_PROV_01005_745,CRM_A,CRM_A,8708159741.0,8708159741.0,radha04@example.org,radha04@example.org,4820849315,4820849315,1.0,1.0,1.0,1,1,1,1,1,1.0,auto_match,EMAIL::radha04@example.org,2026-02-05T14:34:20
CRM_B_P_PROV_01005_591,CRM_A_P_PROV_01005_745,CRM_B,CRM_A,8708159741.0,8708159741.0,radha04@example.org,radha04@example.org,4820849315,4820849315,1.0,1.0,1.0,1,1,1,1,1,1.0,auto_match,EMAIL::radha04@example.org,2026-02-05T14:34:20
CRM_A_P_PROV_01007_711,CRM_A_P_PROV_01007_978,CRM_A,CRM_A,7116816064.0,7116816064.0,bachittarzachariah@example.com,bachittarzachariah@example.com,5642240592,5642240592,1.0,1.0,1.0,1,1,1,1,1,1.0,auto_match,EMAIL::bachittarzachariah@example.com,2026-02-05T14:34:20
CRM_A_P_PROV_01008_101,CRM_B_P_PROV_01008_984,CRM_A,CRM_B,9115534388.0,9115534388.0,kdass@example.net,kdass@example.net,5682017530,5682017530,1.0,1.0,1.0,1,1,1,1,1,1.0,auto_match,EMAIL::kdass@example.net,2026-02-05T14:34:20
CRM_A_P_PROV_01008_101,CRM_B_P_PROV_01008_934,CRM_A,CRM_B,9115534388.0,9115534388.0,kdass@example.net,kdass@example.net,5682017530,5682017530,1.0,1.0,1.0,1,1,1,1,1,1.0,auto_match,EMAIL::kdass@example.net,2026-02-05T14:34:20
CRM_A_P_PROV_02008_646,CRM_A_P_PROV_02008_211,CRM_A,CRM_A,6465933526.0,6465933526.0,anay09@example.org,anay09@example.org,3195078730,3195078730,1.0,1.0,1.0,1,1,1,1,1,1.0,auto_match,EMAIL::anay09@example.org,2026-02-05T14:34:21
CRM_A_P_PROV_02013_240,CRM_B_P_PROV_02013_300,CRM_A,CRM_B,3753379182.0,3753379182.0,sridharwarinder@example.net,sridharwarinder@example.net,9718901120,9718901120,1.0,1.0,1.0,1,1,1,1,1,1.0,auto_match,EMAIL::sridharwarinder@example.net,2026-02-05T14:34:21
CRM_A_P_PROV_02013_240,CRM_A_P_PROV_02013_886,CRM_A,CRM_A,3753379182.0,3753379182.0,sridharwarinder@example.net,sridharwarinder@example.net,9718901120,9718901120,1.0,1.0,1.0,1,1,1,1,1,1.0,auto_match,EMAIL::sridharwarinder@example.net,2026-02-05T14:34:21
CRM_B_P_PROV_02013_300,CRM_A_P_PROV_02013_886,CRM_B,CRM_A,3753379182.0,3753379182.0,sridharwarinder@example.net,sridharwarinder@example.net,9718901120,9718901120,1.0,1.0,1.0,1,1,1,1,1,1.0,auto_match,EMAIL::sridharwarinder@example.net,2026-02-05T14:34:21
CRM_A_P_PROV_00148_519,CRM_B_P_PROV_00148_358,CRM_A,CRM_B,3738900744.0,3738900744.0,ojaggi@example.org,ojaggi@example.org,4511686854,4511686854,1.0,1.0,1.0,1,1,1,1,1,1.0,auto_match,EMAIL::ojaggi@example.org,2026-02-05T14:34:19
CRM_A_P_PROV_00149_823,CRM_B_P_PROV_00149_169,CRM_A,CRM_B,3369305560.0,3369305560.0,chaudhuribhavika@example.net,chaudhuribhavika@example.net,6467997024,6467997024,1.0,1.0,1.0,1,1,1,1,1,1.0,auto_match,EMAIL::chaudhuribhavika@example.net,2026-02-05T14:34:19
CRM_A_P_PROV_02015_968,CRM_B_P_PROV_02015_803,CRM_A,CRM_B,7861020478.0,7861020478.0,borralibni@example.org,borralibni@example.org,8321529007,8321529007,1.0,1.0,1.0,1,1,1,1,1,1.0,auto_match,EMAIL::borralibni@example.org,2026-02-05T14:34:21
CRM_A_P_PROV_02016_180,CRM_B_P_PROV_02016_626,CRM_A,CRM_B,9448235386.0,9448235386.0,gopalrao@example.com,gopalrao@example.com,3246447106,3246447106,1.0,1.0,1.0,1,1,1,1,1,1.0,auto_match,EMAIL::gopalrao@example.com,2026-02-05T14:34:21
CRM_A_P_PROV_02023_931,CRM_B_P_PROV_02023_764,CRM_A,CRM_B,1553829805.0,1553829805.0,pjaggi@example.com,pjaggi@example.com,1070686864,1070686864,1.0,1.0,1.0,1,1,1,1,1,1.0,auto_match,EMAIL::pjaggi@example.com,2026-02-05T14:34:21
CRM_A_P_PROV_00139_217,CRM_B_P_PROV_00139_408,CRM_A,CRM_B,7328203808.0,7328203808.0,fbarad@example.org,fbarad@example.org,9308705932,9308705932,1.0,1.0,1.0,1,1,1,1,1,1.0,auto_match,EMAIL::fbarad@example.org,2026-02-05T14:34:19
CRM_A_P_PROV_00167_503,CRM_B_P_PROV_00167_252,CRM_A,CRM_B,9248574674.0,9248574674.0,lekha28@example.net,lekha28@example.net,0287721753,0287721753,1.0,1.0,1.0,1,1,1,1,1,1.0,auto_match,EMAIL::lekha28@example.net,2026-02-05T14:34:19
CRM_B_P_PROV_00168_840,CRM_A_P_PROV_00168_696,CRM_B,CRM_A,7584730597.0,7584730597.0,fsem@example.com,fsem@example.com,5170166088,5170166088,1.0,1.0,1.0,1,1,1,1,1,1.0,auto_match,NPI::7584730597.0,2026-02-05T14:34:19
CRM_A_P_PROV_00169_280,CRM_A_P_PROV_00169_666,CRM_A,CRM_A,9513743139.0,9513743139.0,suhaninarula@example.net,suhaninarula@example.net,9757113055,9757113055,1.0,1.0,1.0,1,1,1,1,1,1.0,auto_match,EMAIL::suhaninarula@example.net,2026-02-05T14:34:19
CRM_A_P_PROV_01996_110,CRM_B_P_PROV_01996_205,CRM_A,CRM_B,2534505607.0,2534505607.0,odika89@example.net,odika89@example.net,1085877707,1085877707,1.0,1.0,1.0,1,1,1,1,1,1.0,auto_match,EMAIL::odika89@example.net,2026-02-05T14:34:21
CRM_A_P_PROV_02001_656,CRM_B_P_PROV_02001_226,CRM_A,CRM_B,4302595540.0,4302595540.0,buchomkaar@example.org,buchomkaar@example.org,1524041575,1524041575,1.0,1.0,1.0,1,1,1,1,1,1.0,auto_match,EMAIL::buchomkaar@example.org,2026-02-05T14:34:21
CRM_B_P_PROV_01008_984,CRM_B_P_PROV_01008_934,CRM_B,CRM_B,9115534388.0,9115534388.0,kdass@example.net,kdass@example.net,5682017530,5682017530,1.0,1.0,1.0,1,1,1,1,1,1.0,auto_match,EMAIL::kdass@example.net,2026-02-05T14:34:20
CRM_A_P_PROV_01017_905,CRM_B_P_PROV_01017_448,CRM_A,CRM_B,9159416252.0,9159416252.0,anya85@example.net,anya85@example.net,5263211960,5263211960,1.0,1.0,1.0,1,1,1,1,1,1.0,auto_match,EMAIL::anya85@example.net,2026-02-05T14:34:20
CRM_A_P_PROV_01018_398,CRM_B_P_PROV_01018_523,CRM_A,CRM_B,5275375467.0,5275375467.0,rsood@example.com,rsood@example.com,4470823171,4470823171,1.0,1.0,1.0,1,1,1,1,1,1.0,auto_match,EMAIL::rsood@example.com,2026-02-05T14:34:20
CRM_A_P_PROV_01021_679,CRM_B_P_PROV_01021_988,CRM_A,CRM_B,4161938464.0,4161938464.0,aptetarak@example.net,aptetarak@example.net,9120302520,9120302520,1.0,1.0,1.0,1,1,1,1,1,1.0,auto_match,EMAIL::aptetarak@example.net,2026-02-05T14:34:20
CRM_A_P_PROV_01024_179,CRM_B_P_PROV_01024_798,CRM_A,CRM_B,5486129538.0,5486129538.0,takwarda@example.org,takwarda@example.org,6603616248,6603616248,1.0,1.0,1.0,1,1,1,1,1,1.0,auto_match,EMAIL::takwarda@example.org,2026-02-05T14:34:20
CRM_A_P_PROV_01031_425,CRM_B_P_PROV_01031_779,CRM_A,CRM_B,6095658763.0,6095658763.0,warda19@example.net,warda19@example.net,2907551545,2907551545,1.0,1.0,1.0,1,1,1,1,1,1.0,auto_match,EMAIL::warda19@example.net,2026-02-05T14:34:20
CRM_A_P_PROV_01032_493,CRM_B_P_PROV_01032_209,CRM_A,CRM_B,6732546435.0,6732546435.0,aggarwalmaya@example.com,aggarwalmaya@example.com,3226227777,3226227777,1.0,1.0,1.0,1,1,1,1,1,1.0,auto_match,EMAIL::aggarwalmaya@example.com,2026-02-05T14:34:20
CRM_A_P_PROV_01041_274,CRM_B_P_PROV_01041_219,CRM_A,CRM_B,6880379609.0,6880379609.0,harish24@example.com,harish24@example.com,4000687586,4000687586,1.0,1.0,1.0,1,1,1,1,1,1.0,auto_match,EMAIL::harish24@example.com,2026-02-05T14:34:20
CRM_A_P_PROV_00710_686,CRM_B_P_PROV_00710_704,CRM_A,CRM_B,7791145117.0,7791145117.0,mekhalawagle@example.com,mekhalawagle@example.com,0926322399,0926322399,1.0,1.0,1.0,1,1,1,1,1,1.0,auto_match,EMAIL::mekhalawagle@example.com,2026-02-05T14:34:20
CRM_A_P_PROV_00713_510,CRM_B_P_PROV_00713_351,CRM_A,CRM_B,7303083491.0,7303083491.0,wsamra@example.net,wsamra@example.net,2938440134,2938440134,1.0,1.0,1.0,1,1,1,1,1,1.0,auto_match,EMAIL::wsamra@example.net,2026-02-05T14:34:20
CRM_A_P_PROV_01048_229,CRM_B_P_PROV_01048_690,CRM_A,CRM_B,6554422145.0,6554422145.0,pushtibalasubramanian@example.net,pushtibalasubramanian@example.net,5869427674,5869427674,1.0,1.0,1.0,1,1,1,1,1,1.0,auto_match,EMAIL::pushtibalasubramanian@example.net,2026-02-05T14:34:20
CRM_A_P_PROV_01049_316,CRM_B_P_PROV_01049_269,CRM_A,CRM_B,3297743956.0,3297743956.0,george81@example.com,george81@example.com,8242655946,8242655946,1.0,1.0,1.0,1,1,1,1,1,1.0,auto_match,EMAIL::george81@example.com,2026-02-05T14:34:20
CRM_A_P_PROV_00696_202,CRM_B_P_PROV_00696_186,CRM_A,CRM_B,6933306132.0,6933306132.0,vincentdate@example.org,vincentdate@example.org,8981388158,8981388158,1.0,1.0,1.0,1,1,1,1,1,1.0,auto_match,EMAIL::vincentdate@example.org,2026-02-05T14:34:20
CRM_A_P_PROV_01973_344,CRM_A_P_PROV_01973_329,CRM_A,CRM_A,6252010115.0,6252010115.0,vivaansoman@example.net,vivaansoman@example.net,2781815539,2781815539,1.0,1.0,1.0,1,1,1,1,1,1.0,auto_match,EMAIL::vivaansoman@example.net,2026-02-05T14:34:21
CRM_A_P_PROV_01975_798,CRM_B_P_PROV_01975_869,CRM_A,CRM_B,9929920713.0,9929920713.0,odikakrishna@example.net,odikakrishna@example.net,1050391678,1050391678,1.0,1.0,1.0,1,1,1,1,1,1.0,auto_match,EMAIL::odikakrishna@example.net,2026-02-05T14:34:21
CRM_A_P_PROV_01981_551,CRM_B_P_PROV_01981_970,CRM_A,CRM_B,9471984114.0,9471984114.0,yashasvi36@example.org,yashasvi36@example.org,8374489239,8374489239,1.0,1.0,1.0,1,1,1,1,1,1.0,auto_match,EMAIL::yashasvi36@example.org,2026-02-05T14:34:21
CRM_A_P_PROV_00604_155,CRM_B_P_PROV_00604_210,CRM_A,CRM_B,9552538757.0,9552538757.0,crama@example.net,crama@example.net,4655866525,4655866525,1.0,1.0,1.0,1,1,1,1,1,1.0,auto_match,EMAIL::crama@example.net,2026-02-05T14:34:19
CRM_A_P_PROV_00181_961,CRM_B_P_PROV_00181_541,CRM_A,CRM_B,8601409432.0,8601409432.0,ahluwaliameera@example.net,ahluwaliameera@example.net,1435368222,1435368222,1.0,1.0,1.0,1,1,1,1,1,1.0,auto_match,EMAIL::ahluwaliameera@example.net,2026-02-05T14:34:19
CRM_A_P_PROV_00182_885,CRM_A_P_PROV_00182_819,CRM_A,CRM_A,9215400091.0,9215400091.0,krishnaguneet@example.org,krishnaguneet@example.org,9755231491,9755231491,1.0,1.0,1.0,1,1,1,1,1,1.0,auto_match,EMAIL::krishnaguneet@example.org,2026-02-05T14:34:19
CRM_A_P_PROV_01986_916,CRM_B_P_PROV_01986_676,CRM_A,CRM_B,8178444361.0,8178444361.0,balakrishnanraagini@example.com,balakrishnanraagini@example.com,6153176602,6153176602,1.0,1.0,1.0,1,1,1,1,1,1.0,auto_match,EMAIL::balakrishnanraagini@example.com,2026-02-05T14:34:21
CRM_A_P_PROV_01990_151,CRM_B_P_PROV_01990_492,CRM_A,CRM_B,5016836711.0,5016836711.0,ekarajgade@example.org,ekarajgade@example.org,4557999007,4557999007,1.0,1.0,1.0,1,1,1,1,1,1.0,auto_match,EMAIL::ekarajgade@example.org,2026-02-05T14:34:21
CRM_A_P_PROV_01992_864,CRM_B_P_PROV_01992_328,CRM_A,CRM_B,2738191271.0,2738191271.0,nsrinivas@example.com,nsrinivas@example.com,9675579120,9675579120,1.0,1.0,1.0,1,1,1,1,1,1.0,auto_match,EMAIL::nsrinivas@example.com,2026-02-05T14:34:21
CRM_A_P_PROV_01993_592,CRM_B_P_PROV_01993_682,CRM_A,CRM_B,1193224162.0,1193224162.0,krishnasekhon@example.com,krishnasekhon@example.com,4136674886,4136674886,1.0,1.0,1.0,1,1,1,1,1,1.0,auto_match,EMAIL::krishnasekhon@example.com,2026-02-05T14:34:21
CRM_A_P_PROV_01994_117,CRM_B_P_PROV_01994_562,CRM_A,CRM_B,9574071063.0,9574071063.0,ekiyabarad@example.net,ekiyabarad@example.net,9490444742,9490444742,1.0,1.0,1.0,1,1,1,1,1,1.0,auto_match,EMAIL::ekiyabarad@example.net,2026-02-05T14:34:21
CRM_A_P_PROV_01952_481,CRM_B_P_PROV_01952_487,CRM_A,CRM_B,8805773937.0,8805773937.0,rdhar@example.com,rdhar@example.com,5014683146,5014683146,1.0,1.0,1.0,1,1,1,1,1,1.0,auto_match,EMAIL::rdhar@example.com,2026-02-05T14:34:21
CRM_A_P_PROV_00190_932,CRM_B_P_PROV_00190_412,CRM_A,CRM_B,5439176290.0,5439176290.0,karpekritika@example.com,karpekritika@example.com,1038862912,1038862912,1.0,1.0,1.0,1,1,1,1,1,1.0,auto_match,EMAIL::karpekritika@example.com,2026-02-05T14:34:19
CRM_A_P_PROV_00191_538,CRM_B_P_PROV_00191_233,CRM_A,CRM_B,2242377075.0,2242377075.0,cprabhakar@example.net,cprabhakar@example.net,6376599162,6376599162,1.0,1.0,1.0,1,1,1,1,1,1.0,auto_match,EMAIL::cprabhakar@example.net,2026-02-05T14:34:19
CRM_A_P_PROV_00193_426,CRM_B_P_PROV_00193_720,CRM_A,CRM_B,7547518979.0,7547518979.0,damyanti95@example.net,damyanti95@example.net,2137213865,2137213865,1.0,1.0,1.0,1,1,1,1,1,1.0,auto_match,EMAIL::damyanti95@example.net,2026-02-05T14:34:19
CRM_A_P_PROV_01966_567,CRM_A_P_PROV_01966_951,CRM_A,CRM_A,1205832445.0,1205832445.0,dev34@example.org,dev34@example.org,7683298768,7683298768,1.0,1.0,1.0,1,1,1,1,1,1.0,auto_match,EMAIL::dev34@example.org,2026-02-05T14:34:21
CRM_A_P_PROV_01969_302,CRM_B_P_PROV_01969_471,CRM_A,CRM_B,9136155213.0,9136155213.0,randhawayauvani@example.net,randhawayauvani@example.net,9266370088,9266370088,1.0,1.0,1.0,1,1,1,1,1,1.0,auto_match,EMAIL::randhawayauvani@example.net,2026-02-05T14:34:21
CRM_A_P_PROV_01970_875,CRM_B_P_PROV_01970_174,CRM_A,CRM_B,2959748415.0,2959748415.0,bprakash@example.org,bprakash@example.org,8041890244,8041890244,1.0,1.0,1.0,1,1,1,1,1,1.0,auto_match,EMAIL::bprakash@example.org,2026-02-05T14:34:21
CRM_A_P_PROV_01970_875,CRM_A_P_PROV_01970_549,CRM_A,CRM_A,2959748415.0,2959748415.0,bprakash@example.org,bprakash@example.org,8041890244,8041890244,1.0,1.0,1.0,1,1,1,1,1,1.0,auto_match,EMAIL::bprakash@example.org,2026-02-05T14:34:21
CRM_B_P_PROV_01970_174,CRM_A_P_PROV_01970_549,CRM_B,CRM_A,2959748415.0,2959748415.0,bprakash@example.org,bprakash@example.org,8041890244,8041890244,1.0,1.0,1.0,1,1,1,1,1,1.0,auto_match,EMAIL::bprakash@example.org,2026-02-05T14:34:21
CRM_A_P_PROV_00696_202,CRM_A_P_PROV_00696_976,CRM_A,CRM_A,6933306132.0,6933306132.0,vincentdate@example.org,vincentdate@example.org,8981388158,8981388158,1.0,1.0,1.0,1,1,1,1,1,1.0,auto_match,EMAIL::vincentdate@example.org,2026-02-05T14:34:20
CRM_B_P_PROV_00696_186,CRM_A_P_PROV_00696_976,CRM_B,CRM_A,6933306132.0,6933306132.0,vincentdate@example.org,vincentdate@example.org,8981388158,8981388158,1.0,1.0,1.0,1,1,1,1,1,1.0,auto_match,EMAIL::vincentdate@example.org,2026-02-05T14:34:20
CRM_A_P_PROV_00697_829,CRM_B_P_PROV_00697_954,CRM_A,CRM_B,5406516541.0,5406516541.0,logankannan@example.net,logankannan@example.net,1829716815,1829716815,1.0,1.0,1.0,1,1,1,1,1,1.0,auto_match,EMAIL::logankannan@example.net,2026-02-05T14:34:20
CRM_A_P_PROV_00698_688,CRM_B_P_PROV_00698_673,CRM_A,CRM_B,6821360946.0,6821360946.0,nitesh91@example.org,nitesh91@example.org,3717850902,3717850902,1.0,1.0,1.0,1,1,1,1,1,1.0,auto_match,EMAIL::nitesh91@example.org,2026-02-05T14:34:20
CRM_A_P_PROV_00699_869,CRM_B_P_PROV_00699_429,CRM_A,CRM_B,4330728529.0,4330728529.0,vanshamani@example.com,vanshamani@example.com,1224890567,1224890567,1.0,1.0,1.0,1,1,1,1,1,1.0,auto_match,EMAIL::vanshamani@example.com,2026-02-05T14:34:20
CRM_A_P_PROV_00701_229,CRM_B_P_PROV_00701_912,CRM_A,CRM_B,6581875190.0,6581875190.0,singhalchatresh@example.com,singhalchatresh@example.com,3699879509,3699879509,1.0,1.0,1.0,1,1,1,1,1,1.0,auto_match,EMAIL::singhalchatresh@example.com,2026-02-05T14:34:20
CRM_A_P_PROV_00703_966,CRM_B_P_PROV_00703_388,CRM_A,CRM_B,1494734259.0,1494734259.0,nikita42@example.org,nikita42@example.org,6258631441,6258631441,1.0,1.0,1.0,1,1,1,1,1,1.0,auto_match,EMAIL::nikita42@example.org,2026-02-05T14:34:20
CRM_A_P_PROV_00703_966,CRM_B_P_PROV_00703_745,CRM_A,CRM_B,1494734259.0,1494734259.0,nikita42@example.org,nikita42@example.org,6258631441,6258631441,1.0,1.0,1.0,1,1,1,1,1,1.0,auto_match,EMAIL::nikita42@example.org,2026-02-05T14:34:20
CRM_B_P_PROV_00703_388,CRM_B_P_PROV_00703_745,CRM_B,CRM_B,1494734259.0,1494734259.0,nikita42@example.org,nikita42@example.org,6258631441,6258631441,1.0,1.0,1.0,1,1,1,1,1,1.0,auto_match,EMAIL::nikita42@example.org,2026-02-05T14:34:20
CRM_A_P_PROV_01055_596,CRM_B_P_PROV_01055_515,CRM_A,CRM_B,1949435669.0,1949435669.0,rayaannigam@example.com,rayaannigam@example.com,7077312315,7077312315,1.0,1.0,1.0,1,1,1,1,1,1.0,auto_match,EMAIL::rayaannigam@example.com,2026-02-05T14:34:20
CRM_A_P_PROV_01058_389,CRM_B_P_PROV_01058_634,CRM_A,CRM_B,3512284810.0,3512284810.0,aryan36@example.net,aryan36@example.net,4016329573,4016329573,1.0,1.0,1.0,1,1,1,1,1,1.0,auto_match,EMAIL::aryan36@example.net,2026-02-05T14:34:20
CRM_A_P_PROV_01061_623,CRM_B_P_PROV_01061_745,CRM_A,CRM_B,7029987916.0,7029987916.0,samradevansh@example.com,samradevansh@example.com,5022181698,5022181698,1.0,1.0,1.0,1,1,1,1,1,1.0,auto_match,EMAIL::samradevansh@example.com,2026-02-05T14:34:20
CRM_A_P_PROV_01061_623,CRM_A_P_PROV_01061_938,CRM_A,CRM_A,7029987916.0,7029987916.0,samradevansh@example.com,samradevansh@example.com,5022181698,5022181698,1.0,1.0,1.0,1,1,1,1,1,1.0,auto_match,EMAIL::samradevansh@example.com,2026-02-05T14:34:20
CRM_A_P_PROV_01928_671,CRM_B_P_PROV_01928_531,CRM_A,CRM_B,2766043988.0,2766043988.0,radhawarrior@example.net,radhawarrior@example.net,0986068144,0986068144,1.0,1.0,1.0,1,1,1,1,1,1.0,auto_match,EMAIL::radhawarrior@example.net,2026-02-05T14:34:21
CRM_A_P_PROV_01932_706,CRM_B_P_PROV_01932_839,CRM_A,CRM_B,6349855589.0,6349855589.0,ltoor@example.org,ltoor@example.org,5543448213,5543448213,1.0,1.0,1.0,1,1,1,1,1,1.0,auto_match,EMAIL::ltoor@example.org,2026-02-05T14:34:21
CRM_A_P_PROV_00198_659,CRM_B_P_PROV_00198_569,CRM_A,CRM_B,6418365941.0,6418365941.0,wmurthy@example.org,wmurthy@example.org,4237333433,4237333433,1.0,1.0,1.0,1,1,1,1,1,1.0,auto_match,EMAIL::wmurthy@example.org,2026-02-05T14:34:19
CRM_A_P_PROV_00200_521,CRM_B_P_PROV_00200_963,CRM_A,CRM_B,2416760621.0,2416760621.0,smutti@example.org,smutti@example.org,3691559428,3691559428,1.0,1.0,1.0,1,1,1,1,1,1.0,auto_match,EMAIL::smutti@example.org,2026-02-05T14:34:19
CRM_A_P_PROV_00206_336,CRM_B_P_PROV_00206_656,CRM_A,CRM_B,6923893872.0,6923893872.0,nachiket16@example.com,nachiket16@example.com,3472282005,3472282005,1.0,1.0,1.0,1,1,1,1,1,1.0,auto_match,EMAIL::nachiket16@example.com,2026-02-05T14:34:19
CRM_A_P_PROV_01940_776,CRM_B_P_PROV_01940_296,CRM_A,CRM_B,8981543894.0,8981543894.0,mwadhwa@example.net,mwadhwa@example.net,2921629860,2921629860,1.0,1.0,1.0,1,1,1,1,1,1.0,auto_match,EMAIL::mwadhwa@example.net,2026-02-05T14:34:21
CRM_A_P_PROV_01943_851,CRM_B_P_PROV_01943_972,CRM_A,CRM_B,4268749912.0,4268749912.0,atandon@example.org,atandon@example.org,3191804384,3191804384,1.0,1.0,1.0,1,1,1,1,1,1.0,auto_match,EMAIL::atandon@example.org,2026-02-05T14:34:21
CRM_A_P_PROV_01946_309,CRM_B_P_PROV_01946_774,CRM_A,CRM_B,4165559286.0,4165559286.0,rajhemangini@example.org,rajhemangini@example.org,2618910953,2618910953,1.0,1.0,1.0,1,1,1,1,1,1.0,auto_match,EMAIL::rajhemangini@example.org,2026-02-05T14:34:21
CRM_B_P_PROV_01061_745,CRM_A_P_PROV_01061_938,CRM_B,CRM_A,7029987916.0,7029987916.0,samradevansh@example.com,samradevansh@example.com,5022181698,5022181698,1.0,1.0,1.0,1,1,1,1,1,1.0,auto_match,EMAIL::samradevansh@example.com,2026-02-05T14:34:20
CRM_A_P_PROV_00689_384,CRM_B_P_PROV_00689_401,CRM_A,CRM_B,3427258822.0,3427258822.0,nsodhi@example.org,nsodhi@example.org,5055738573,5055738573,1.0,1.0,1.0,1,1,1,1,1,1.0,auto_match,EMAIL::nsodhi@example.org,2026-02-05T14:34:20
CRM_A_P_PROV_00689_384,CRM_A_P_PROV_00689_478,CRM_A,CRM_A,3427258822.0,3427258822.0,nsodhi@example.org,nsodhi@example.org,5055738573,5055738573,1.0,1.0,1.0,1,1,1,1,1,1.0,auto_match,EMAIL::nsodhi@example.org,2026-02-05T14:34:20
CRM_B_P_PROV_00689_401,CRM_A_P_PROV_00689_478,CRM_B,CRM_A,3427258822.0,3427258822.0,nsodhi@example.org,nsodhi@example.org,5055738573,5055738573,1.0,1.0,1.0,1,1,1,1,1,1.0,auto_match,EMAIL::nsodhi@example.org,2026-02-05T14:34:20
CRM_A_P_PROV_00693_516,CRM_B_P_PROV_00693_161,CRM_A,CRM_B,7356407384.0,7356407384.0,rudradeo@example.com,rudradeo@example.com,0739201354,0739201354,1.0,1.0,1.0,1,1,1,1,1,1.0,auto_match,EMAIL::rudradeo@example.com,2026-02-05T14:34:20
CRM_A_P_PROV_00695_938,CRM_B_P_PROV_00695_697,CRM_A,CRM_B,3977974275.0,3977974275.0,diya49@example.org,diya49@example.org,0364687191,0364687191,1.0,1.0,1.0,1,1,1,1,1,1.0,auto_match,EMAIL::diya49@example.org,2026-02-05T14:34:20
CRM_A_P_PROV_01064_449,CRM_B_P_PROV_01064_187,CRM_A,CRM_B,4922193193.0,4922193193.0,joshiraksha@example.com,joshiraksha@example.com,3675901779,3675901779,1.0,1.0,1.0,1,1,1,1,1,1.0,auto_match,EMAIL::joshiraksha@example.com,2026-02-05T14:34:20
CRM_A_P_PROV_01064_449,CRM_B_P_PROV_01064_369,CRM_A,CRM_B,4922193193.0,4922193193.0,joshiraksha@example.com,joshiraksha@example.com,3675901779,3675901779,1.0,1.0,1.0,1,1,1,1,1,1.0,auto_match,EMAIL::joshiraksha@example.com,2026-02-05T14:34:20
CRM_B_P_PROV_01064_187,CRM_B_P_PROV_01064_369,CRM_B,CRM_B,4922193193.0,4922193193.0,joshiraksha@example.com,joshiraksha@example.com,3675901779,3675901779,1.0,1.0,1.0,1,1,1,1,1,1.0,auto_match,EMAIL::joshiraksha@example.com,2026-02-05T14:34:20
CRM_A_P_PROV_01065_543,CRM_B_P_PROV_01065_463,CRM_A,CRM_B,2972218606.0,2972218606.0,siddharthkorpal@example.com,siddharthkorpal@example.com,7465642601,7465642601,1.0,1.0,1.0,1,1,1,1,1,1.0,auto_match,EMAIL::siddharthkorpal@example.com,2026-02-05T14:34:20
CRM_A_P_PROV_01070_421,CRM_B_P_PROV_01070_179,CRM_A,CRM_B,7204819268.0,7204819268.0,jbrahmbhatt@example.com,jbrahmbhatt@example.com,0968564257,0968564257,1.0,1.0,1.0,1,1,1,1,1,1.0,auto_match,EMAIL::jbrahmbhatt@example.com,2026-02-05T14:34:20
